{"cameraMode":{"drawMode":0,"name":"Shaded","section":"Shading Mode"},"sceneLighting":false,"audioPlay":false,"sceneViewState":{"showFog":true,"showMaterialUpdate":true,"showSkybox":true,"showFlares":true,"showImageEffects":true,"showParticleSystems":true},"in2DMode":false,"pivot":{"x":0.7200000286102295,"y":1.0,"z":-30.020000457763673},"rotation":{"x":0.32277607917785647,"y":-0.19264574348926545,"z":0.0672803521156311,"w":0.9242167472839356},"size":49.955223083496097,"orthographic":false}